"200001,Emma Johnson,test@email.com,root,Client"
"200002,Alex Miller,alex.miller@email.com,SecurePass456,Manager"
"200003,Olivia Davis,olivia.davis@email.com,Secret123"
"200004,Liam Taylor,liam.taylor@email.com,PassWord789"
"200005,Sophia Brown,sophia.brown@email.com,StrongPass456"
"200006,Jackson Wilson,jackson.wilson@email.com,Pa$$w0rd789"
"200007,Ava Smith,ava.smith@email.com,Secure123Pass"
"200008,Noah White,noah.white@email.com,Pass456Word"
"200009,Isabella Anderson,isabella.anderson@email.com,Password7890"
"200010,Aiden Thomas,aiden.thomas@email.com,SecretPass789"
"200011,Mia Martinez,mia.martinez@email.com,Pa$$word123"
"200012,Ethan Jackson,ethan.jackson@email.com,SecurePass789"
"200013,Amelia Garcia,amelia.garcia@email.com,Password1234"
"200014,Lucas Lee,lucas.lee@email.com,StrongPa$$word"
"200015,Harper Harris,harper.harris@email.com,Pass123Word"
"200016,Benjamin Moore,benjamin.moore@email.com,SecurePa$$456"
"200017,Evelyn Clark,evelyn.clark@email.com,PassWord7890"
"200018,Oliver Baker,oliver.baker@email.com,Secret456Pass"
"200019,Abigail Turner,abigail.turner@email.com,Pa$$word567"
"200020,Elijah Hall,elijah.hall@email.com,Secure789Pass"
